id,Company,Launch Date,Launch Time,Launch Site,Vehicle Type,Liftoff Thrust (kN),Payload to Orbit (kg),Rocket Height (m),Fairing Diameter (m),Payload Name,Payload Type,Payload Mass (kg),Payload Orbit,Mission Status,Failure Reason,temperature_2m,Lat,Long,time,relativehumidity_2m,dewpoint_2m,apparent_temperature,pressure_msl,surface_pressure,cloudcover,cloudcover_low,cloudcover_mid,cloudcover_high,windspeed_10m,windspeed_100m,winddirection_10m,winddirection_100m,windgusts_10m,shortwave_radiation,direct_radiation,diffuse_radiation,vapor_pressure_deficit,et0_fao_evapotranspiration,precipitation,weathercode,snowfall,soil_moisture_0_to_7cm,soil_moisture_7_to_28cm,soil_moisture_28_to_100cm,soil_moisture_100_to_255cm,soil_temperature_0_to_7cm,soil_temperature_7_to_28cm,soil_temperature_28_to_100cm,soil_temperature_100_to_255cm
1,SpaceX,24-Mar-06,22:30,Marshall Islands,Falcon 1,343,470,22.25,1.5,FalconSAT-2,Research Satellite,19.5,Low Earth Orbit,Failure,Engine Fire During Launch,27.2,7.131474,171.184478,2006-03-24T22:00,75,22.4,28.1,1010.7,1010.7,38,10,0,97,31.1,34.9,55,55,44.3,614,468,146,0.91,0.4,0,1,0,0,0,0,0,28.3,28.3,28.3,28.3
2,SpaceX,21-Mar-07,1:10,Marshall Islands,Falcon 1,343,470,22.25,1.5,DemoSat,Mass simulator,,Low Earth Orbit,Failure,Engine Shutdown During Launch,27.8,7.131474,171.184478,2007-03-21T01:00,78,23.5,30.4,1010.5,1010.5,11,10,0,8,33.5,38,60,61,47.5,980,858,122,0.83,0.57,0,0,0,0,0,0,0,28.8,28.8,28.8,28.8
3,SpaceX,3-Aug-08,3:34,Marshall Islands,Falcon 1,343,470,22.25,1.5,Trailblazer,Communication Satellite,,Low Earth Orbit,Failure,Collision During Launch,26.5,7.131474,171.184478,2008-08-03T03:00,83,23.4,28.9,1008.7,1008.7,65,24,25,94,24.7,26.9,103,102,35.3,632,402,230,0.58,0.38,0,2,0,0,0,0,0,28.1,28.1,28.1,28.1
4,SpaceX,3-Aug-08,3:34,Marshall Islands,Falcon 1,343,470,22.25,1.5,"PRESat, NanoSail-D",Research Satellites,8,Low Earth Orbit,Failure,Collision During Launch,26.5,7.131474,171.184478,2008-08-03T03:00,83,23.4,28.9,1008.7,1008.7,65,24,25,94,24.7,26.9,103,102,35.3,632,402,230,0.58,0.38,0,2,0,0,0,0,0,28.1,28.1,28.1,28.1
5,SpaceX,3-Aug-08,3:34,Marshall Islands,Falcon 1,343,470,22.25,1.5,Explorers,Human Remains,,Low Earth Orbit,Failure,Collision During Launch,26.5,7.131474,171.184478,2008-08-03T03:00,83,23.4,28.9,1008.7,1008.7,65,24,25,94,24.7,26.9,103,102,35.3,632,402,230,0.58,0.38,0,2,0,0,0,0,0,28.1,28.1,28.1,28.1
6,SpaceX,8-Oct-12,0:35,Cape Canaveral,Falcon 9 (v1.0),4940,10450,54.9,5.2,Orbcomm-OG2,Communication Satellite,150,Low Earth Orbit,Failure,Engine Failure During Flight,26.5,28.4740089,-80.5771737,2012-10-08T00:00,79,22.5,29.2,1015.3,1015.1,56,14,27,91,16.4,16.4,109,109,20.9,0,0,0,0.73,0.05,0,2,0,0.223,0.189,0.097,0.118,26.1,27.1,27.3,27.4
7,SpaceX,28-Jun-15,14:21,Cape Canaveral,Falcon 9 (v1.1),5885,13150,68.4,5.2,SpaceX CRS-7,Space Station Supplies,1952,Low Earth Orbit,Failure,Vehicle Explosion During Flight,28.4,28.4740089,-80.5771737,2015-06-28T14:00,70,22.2,31.7,1017.9,1017.7,2,2,0,0,11.6,12.6,240,243,20.9,532,437,95,1.17,0.38,0,0,0,0.061,0.067,0.105,0.118,33,30.6,29,25
8,SpaceX,1-Sep-16,13:07,Cape Canaveral,Falcon 9 Full Thrust (v1.2),6804,8300,70,5.2,Amos-6,Communication Satellite,5500,Geostationary Transfer Orbit,Failure,Vehicle Explosion Before Launch,27.1,28.4740089,-80.5771737,2016-09-01T13:00,87,24.8,29.8,1013.7,1013.5,89,57,14,98,26.7,29.7,148,149,32.8,117,11,106,0.47,0.11,0.2,51,0,0.299,0.292,0.104,0.12,26.5,26.9,28.9,28
9,Boeing,5-Sep-95,11:10,Cape Canaveral,Delta II 7925,3511,1819,38.1,2.9,Koreasat 1,Communication Satellite,711,Geostationary Transfer Orbit,Failure,"One SRB failed to separate, retarding the booster's orbital velocity.",23.9,28.4740089,-80.5771737,1995-09-05T11:00,92,22.5,28.1,1015.2,1015,59,39,33,13,6.6,6.7,77,74,22.7,0,0,0,0.24,0,0.7,53,0,0.315,0.293,0.287,0.178,24.5,26,27.2,27
10,Boeing,17-Jan-97,16:28,Cape Canaveral,Delta II 7925,3511,1819,38.1,2.9,GPS IIR-1,Global Positioning System,2030,Medium Earth Orbit,Failure,Exploded 13 seconds after launch due to SRB failure.,9.6,28.4740089,-80.5771737,1997-01-17T16:00,65,3.5,3,1023.8,1023.6,55,60,0,3,35.5,38.3,347,348,55.4,466,282,184,0.42,0.19,0,2,0,0.173,0.115,0.116,0.189,14.1,16.6,21.6,23.7
11,Boeing,27-Aug-98,1:17,Cape Canaveral,Delta III 8930,628,3810,35,4,Galaxy 10,Communication Satellite,700,Geostationary Transfer Orbit,Failure,"Flight program, adapted to the Delta II, and not to the Delta III",30,28.4740089,-80.5771737,1998-08-27T01:00,68,23.4,34.4,1011.2,1011,19,0,0,64,8.9,12.1,194,217,14.8,0,0,0,1.37,0.05,0,0,0,0.076,0.122,0.076,0.146,30.1,30.6,29,27.4
12,Boeing,5-May-99,1:00,Cape Canaveral,Delta III 8930,628,3810,35,4,Orion 3,Communication Satellite,,Geostationary Transfer Orbit,Failure,Launch failed due to an anomaly on the second stage,23,28.4740089,-80.5771737,1999-05-05T01:00,52,12.7,20.2,1014.9,1014.7,4,0,0,14,25.6,28.6,104,105,28.1,0,0,0,1.35,0.16,0,0,0,0.047,0.06,0.083,0.135,25.2,25.9,24.6,23.4
13,Boeing,21-Dec-04,21:50,Cape Canaveral,Delta IV Heavy,9411,28370,72,5.1,DemoSat / 3CS-1 & 2,Research Satellite,,Geostationary Transfer Orbit,Failure,Common Booster Cores shutdown prematurely putting the payloads in a lower than planned orbit,18.1,28.4740089,-80.5771737,2004-12-21T21:00,59,9.9,15.7,1023.3,1023.1,67,74,0,0,16.6,17.9,114,115,24.8,133,11,122,0.86,0.15,0,2,0,0.124,0.133,0.166,0.17,18.5,16.4,20.4,24.6
14,Martin Marietta,5-Oct-93,17:56,Vandenberg ,Titan II(23)G,1900,3600,42.9,3,Landsat 6,Enhanced Thematic Mapper,2750,Sun-Synchronous Orbit,Failure,"The kickstage was off axis during its burn, resulting in a failure to achieve orbit.",15.6,34.7420267,-120.5724404,1993-10-05T17:00,82,12.4,14.9,1016.9,1005.3,42,47,0,0,10.2,13.5,312,318,20.5,381,256,125,0.33,0.19,0,1,0,0.086,0.107,0.139,0.159,15.4,15.1,16.8,16.5
15,US Air Force,26-Aug-96,13:59,Cape Canaveral,Titan IIIC,13642,13100,42,3,IDCSP GGTS-2,Gravity Gradient Test Satellite,,Low Earth Orbit,Failure,Payload fairing disintegrated at T+78 seconds leading to a loss of the launch vehicle.,25.9,28.4740089,-80.5771737,1996-08-26T13:00,83,22.8,30.2,1018.1,1017.9,5,0,0,16,7.2,7.6,186,185,14,222,128,94,0.57,0.15,0,0,0,0.06,0.092,0.105,0.204,27.9,29,28,26.8
16,US Air Force,20-May-72,15:30,Vandenberg ,Titan III(24)B,2410,4000,50,3,KH-8 no. 35,Reconnaissance Satellites,3000,Low Earth Orbit,Failure,Agena pressurization failure,11.2,34.7420267,-120.5724404,1972-05-20T15:00,75,6.9,7.3,1013.1,1001.4,28,26,8,0,21.4,28.5,316,316,35.3,207,134,73,0.34,0.1,0,1,0,0.09,0.105,0.138,0.134,11.4,11.9,13.4,12.7
17,US Air Force,20-Jun-67,16:19,Vandenberg ,Titan IIIB,2300,3300,45,1.52,KH-8 Gambit no.06,Reconnaissance Satellites,3000,Polar Orbit,Failure,A problem with the second stage protective skirt caused a lower then planned orbit.,12.5,34.7420267,-120.5724404,1967-06-20T16:00,90,10.9,10,1015.1,1003.4,20,22,0,0,18.6,23.9,139,134,28.8,406,263,143,0.15,0.15,0,0,0,0.104,0.124,0.159,0.152,12.3,13.4,13.4,12.6
18,US Air Force,15-Oct-65,17:23,Cape Canaveral,Titan IIIC,13642,13100,42,3,LCS-2,Research Satellite,,Low Earth Orbit,Failure,The Transtage disintegrated causing a launch failure.,25.4,28.4740089,-80.5771737,1965-10-15T17:00,81,21.8,25,1014.6,1014.4,78,19,100,4,36.4,41.6,32,32,36.4,567,352,215,0.63,0.33,0.1,51,0,0.276,0.16,0.084,0.189,26,24.9,27,27.5
19,US Air Force,1-Sep-64,15:00,Cape Canaveral,Titan IIIA,1936,3100,42,3,Transtage 1,,0,Low Earth Orbit,Failure,Transtage failed to pressurize.,28.5,28.4740089,-80.5771737,1964-09-01T15:00,78,24.4,33.4,1014.2,1014,25,0,1,81,13,14,224,222,18.4,636,518,118,0.86,0.43,0,1,0,0.21,0.245,0.295,0.214,30.7,28.2,28.1,27
20,European Space Agency,23-May-80,14:29, Guiana Space Centre,Ariane 1,2772,1850,50,,CAT-2 / Amsat P3A / Firewheel Subsat,Communication Satellite,,Geostationary Transfer Orbit,Failure,Combustion instability that had occurred in one of the Viking first stage engines.,27,5.1693503,-52.6840761,1980-05-23T14:00,83,24,31.9,1014.2,1012.8,90,64,11,86,10.4,12.6,90,90,24.1,615,320,295,0.59,0.41,0.1,51,0,0.317,0.316,0.293,0.324,26.3,25.3,25.6,25.6
21,European Space Agency,9-Sep-82,2:12, Guiana Space Centre,Ariane 1,2772,1850,50,,MARCES-B / Sirio-2,Communication Satellite,1710,Geostationary Transfer Orbit,Failure,Third stage turbopump malfunction.,26.1,5.1693503,-52.6840761,1982-09-09T02:00,84,23.1,28.9,1013.4,1012,14,13,0,6,18.9,27.1,108,107,31.3,0,0,0,0.55,0.04,0,0,0,0.195,0.163,0.161,0.267,26.7,27.4,26.6,26
22,Brazilian Space Agency,11-Dec-99,19:40,Alc√¢ntara Launch Center,VLS-1,623,380,19,1,SACI-2,Research Satellites,80,Low Earth Orbit,Failure,malfunction of the second stage,28.4,-2.3152893,-44.3700438,1999-12-11T19:00,74,23.3,30.5,1009.2,1009.2,19,5,10,28,24.3,29,50,52,32.8,423,306,117,1.01,0.32,0,0,0,0.294,0.257,0.278,0.37,29.6,28.5,27.8,27.4
23,Arianespace,11-Jul-19,1:53, Guiana Space Centre,Vega,2200,1436,29.9,2.6,Falcon Eye 1,optical reconnaissance system,1197,Low Earth Orbit,Failure,"anomaly occurred shortly after the planned second stage ignition, leading to a loss of the launch vehicle and its payload",24.5,5.1693503,-52.6840761,2019-07-11T01:00,95,23.8,29.5,1014.4,1013,62,8,42,98,7,12.9,125,117,18.4,0,0,0,0.14,0,0.3,51,0,0.272,0.267,0.249,0.325,25,25.9,25.9,26
24,Arianespace,11-Dec-02,22:22, Guiana Space Centre,Ariane 5 ECA,15120,21000,53,5.4,"Hot Bird 7, STENTOR",Communication Satellite,5480,Geostationary Transfer Orbit,Failure,"first stage engine failure, rocket destroyed by range safety.",26,5.1693503,-52.6840761,2002-12-11T22:00,80,22.4,28.3,1012,1010.6,59,21,23,88,19.1,26.1,54,55,31.7,3,0,3,0.66,0.07,0,2,0,0.279,0.27,0.265,0.23,26.2,26.4,26.1,26.5
25,Arianespace,4-Jun-96,12:34, Guiana Space Centre,Ariane 5 G,11400,6900,52,,Cluster,European Space Agency spacecraft,,High Earth Orbit,Failure,"The Ariane 5 program's first launch failed because of a programming error. Range safety officers elected to destroy the rocket during the launch, according to the Ariane 5 Flight 501 failure report. Maiden flight of Ariane 5G",24.5,5.1693503,-52.6840761,1996-06-04T12:00,92,23.1,28.6,1014.1,1012.7,100,62,55,100,10,12.5,283,282,17.3,220,48,172,0.23,0.14,0.1,51,0,0.32,0.333,0.325,0.304,24.5,24.6,25.6,26
26,Arianespace,1-Dec-94,22:57, Guiana Space Centre,Ariane 42P,4334,2930,58.72,,Panamsat-3,Communication Satellite,2920,Geostationary Transfer Orbit,Failure,,24.2,5.1693503,-52.6840761,1994-12-01T22:00,94,23.2,27.7,1009.2,1007.8,46,7,18,95,15.1,20.9,90,90,29.2,1,0,1,0.19,0.03,0.5,53,0,0.336,0.326,0.289,0.229,24.9,25.5,25.6,26.7
27,SpaceX,28-Sep-08,23:15,Marshall Islands,Falcon 1,343,470,22.25,1.5,RatSat (DemoSat),,165,Low Earth Orbit,Success,,25.9,7.131474,171.184478,2008-09-28T22:00,85,23.2,29.2,1012.4,1012.4,72,29,30,93,15.5,16.2,86,86,22.3,455,243,212,0.49,0.29,0.7,53,0,0,0,0,0,28.5,28.5,28.5,28.5
28,SpaceX,14-Jul-09,3:35,Marshall Islands,Falcon 1,343,470,22.25,1.5,RazakSAT,Weather Satellite,180,Low Earth Orbit,Success,,28.4,7.131474,171.184478,2009-07-14T03:00,80,24.6,32.4,1005.8,1005.8,52,25,0,99,23.2,25.7,78,79,36.4,732,586,146,0.77,0.47,0,2,0,0,0,0,0,29,28.9,28.9,28.9
29,SpaceX,4-Jun-10,18:45,Cape Canaveral,Falcon 9 (v1.0),4940,10450,54.9,5.2,Dragon Spacecraft Qualification Unit,,,Low Earth Orbit,Success,,29,28.4740089,-80.5771737,2010-06-04T18:00,81,25.5,37.3,1015.2,1015,29,1,44,6,7,7.9,159,196,14.8,915,753,162,0.76,0.64,0,1,0,0.096,0.071,0.123,0.156,37.8,29,25.9,22.4
30,SpaceX,8-Dec-10,15:43,Cape Canaveral,Falcon 9 (v1.0),4940,10450,54.9,5.2,SpaceX CRS (Dragon C1),Space Station Supplies,,Low Earth Orbit,Success,,12.1,28.4740089,-80.5771737,2010-12-08T15:00,63,5.3,9.7,1020.6,1020.4,0,0,0,1,8.7,8.9,336,339,23,404,314,90,0.53,0.19,0,0,0,0.063,0.083,0.071,0.142,15.1,14.7,22.4,26.5
31,SpaceX,22-May-12,7:44,Cape Canaveral,Falcon 9 (v1.0),4940,10450,54.9,5.2,SpaceX CRS (Dragon C2+),Space Station Supplies,,Low Earth Orbit,Success,,23.6,28.4740089,-80.5771737,2012-05-22T07:00,75,19,25.2,1014.6,1014.4,0,0,0,0,12.4,13.8,188,186,18,0,0,0,0.72,0.04,0,0,0,0.101,0.175,0.095,0.123,22.2,25.8,25.4,23.6
32,SpaceX,8-Oct-12,0:35,Cape Canaveral,Falcon 9 (v1.0),4940,10450,54.9,5.2,SpaceX CRS-1,Space Station Supplies,500,Low Earth Orbit,Success,,26.5,28.4740089,-80.5771737,2012-10-08T00:00,79,22.5,29.2,1015.3,1015.1,56,14,27,91,16.4,16.4,109,109,20.9,0,0,0,0.73,0.05,0,2,0,0.223,0.189,0.097,0.118,26.1,27.1,27.3,27.4
33,SpaceX,1-Mar-13,15:10,Cape Canaveral,Falcon 9 (v1.0),4940,10450,54.9,5.2,SpaceX CRS-2,Space Station Supplies,677,Low Earth Orbit,Success,,14.4,28.4740089,-80.5771737,2013-03-01T15:00,55,5.4,10,1015.8,1015.6,50,0,83,0,22.9,24.2,318,318,35.3,331,179,152,0.75,0.22,0,1,0,0.089,0.103,0.077,0.114,17.7,19.4,21.7,22.9
34,SpaceX,29-Sep-13,16:00,Vandenberg ,Falcon 9 (v1.1),5885,13150,68.4,5.2,CASSIOPE,Communication/Research Satellite,500,Polar Orbit,Success,,16.5,34.7420267,-120.5724404,2013-09-29T16:00,43,3.8,14.4,1017.5,1005.9,0,0,0,0,4.7,8.6,360,345,11.9,281,221,60,1.08,0.15,0,0,0,0.072,0.094,0.123,0.117,13.8,15.4,16.4,16.6
35,SpaceX,3-Dec-13,22:41,Cape Canaveral,Falcon 9 (v1.1),5885,4850,68.4,5.2,SES-8,Communication Satellite,3170,Geostationary Transfer Orbit,Success,,21.5,28.4740089,-80.5771737,2013-12-03T22:00,70,15.8,21.9,1013.7,1013.5,8,0,13,0,10.5,13.2,153,163,18.4,119,80,39,0.77,0.09,0,0,0,0.205,0.221,0.203,0.11,21.7,21.2,22.2,26
36,SpaceX,6-Jan-14,22:06,Cape Canaveral,Falcon 9 (v1.1),5885,4850,68.4,5.2,Thaicom 6,Communication Satellite,3325,Geostationary Transfer Orbit,Success,,18.4,28.4740089,-80.5771737,2014-01-06T22:00,69,12.5,13.5,1018.3,1018.1,100,57,39,92,38.7,44.3,318,318,49.7,103,49,54,0.66,0.15,0,3,0,0.215,0.226,0.19,0.112,20.5,21.3,21.2,24.4
37,SpaceX,18-Apr-14,19:25,Cape Canaveral,Falcon 9 (v1.1),5885,13150,68.4,5.2,SpaceX CRS-3,Space Station Supplies,2296,Low Earth Orbit,Success,,24.9,28.4740089,-80.5771737,2014-04-18T19:00,79,21,24.6,1016,1015.8,88,47,26,100,31.9,41.2,150,152,41.4,408,70,338,0.66,0.27,0.1,51,0,0.168,0.144,0.165,0.12,25.8,23.1,22.5,21.4
38,SpaceX,14-Jul-14,15:15,Cape Canaveral,Falcon 9 (v1.1),5885,13150,68.4,5.2,OG2 Mission 1 (6 OG2 Satellites),Communication Satellite,,Low Earth Orbit,Success,,28.2,28.4740089,-80.5771737,2014-07-14T15:00,75,23.4,33.7,1019.1,1018.9,31,1,1,98,3.7,3.6,169,174,16.9,587,417,170,0.96,0.42,0,1,0,0.163,0.153,0.102,0.117,31.4,28.3,27.7,25.2
39,SpaceX,5-Aug-14,8:00,Cape Canaveral,Falcon 9 (v1.1),5885,4850,68.4,5.2,AsiaSat 8,Communication Satellite,4535,Geostationary Transfer Orbit,Success,,26,28.4740089,-80.5771737,2014-08-05T08:00,90,24.2,27.8,1013.7,1013.5,72,49,10,74,30.2,34.2,237,237,40.3,0,0,0,0.33,0.03,0,2,0,0.151,0.098,0.093,0.116,26.8,29.5,29.2,26.1
40,SpaceX,7-Sep-14,5:00,Cape Canaveral,Falcon 9 (v1.1),5885,4850,68.4,5.2,AsiaSat 6,Communication Satellite,4428,Geostationary Transfer Orbit,Success,,26.6,28.4740089,-80.5771737,2014-09-07T05:00,86,24,30.7,1016.4,1016.2,90,0,100,100,14.3,16.9,170,168,23.4,0,0,0,0.49,0.02,0,3,0,0.232,0.13,0.086,0.114,26.4,28.3,29.4,27.4
41,SpaceX,21-Sep-14,5:52,Cape Canaveral,Falcon 9 (v1.1),5885,4850,68.4,5.2,SpaceX CRS-4,Space Station Supplies,2216,Geostationary Transfer Orbit,Success,,24.5,28.4740089,-80.5771737,2014-09-21T05:00,84,21.8,26.4,1013.2,1013,45,40,4,21,19.9,22.1,314,316,26.6,0,0,0,0.48,0.04,0,1,0,0.298,0.297,0.102,0.114,24.5,26,28.2,27.6
42,SpaceX,10-Jan-15,9:47,Cape Canaveral,Falcon 9 (v1.1),5885,13150,68.4,5.2,SpaceX CRS-5,Space Station Supplies,2395,Low Earth Orbit,Success,,13.5,28.4740089,-80.5771737,2015-01-10T09:00,72,8.6,9,1025.3,1025.1,67,74,0,1,28.4,30.7,340,342,39.2,0,0,0,0.43,0.06,0,2,0,0.09,0.144,0.168,0.115,15.1,18.3,21,23.2
43,SpaceX,11-Feb-15,23:03,Cape Canaveral,Falcon 9 (v1.1),5885,4850,68.4,5.2,DSCOVR,Weather Satellite,570,Sun/Earth Orbit,Success,,15.6,28.4740089,-80.5771737,2015-02-11T22:00,66,9.1,12.2,1016.7,1016.5,1,1,0,0,21.7,22.8,355,355,34.6,295,222,73,0.61,0.17,0,0,0,0.198,0.226,0.177,0.116,18,17.5,18.6,21.5
44,SpaceX,2-Mar-15,3:50,Cape Canaveral,Falcon 9 (v1.1),5885,13150,68.4,5.2,ABS-3A,Communication Satellite,4159,Geostationary Transfer Orbit,Success,,20.2,28.4740089,-80.5771737,2015-03-02T03:00,92,18.9,21.4,1026.8,1026.6,8,1,12,1,14.4,22.1,112,116,16.2,0,0,0,0.19,0,0,0,0,0.267,0.282,0.212,0.117,19.5,20.3,18.6,20.5
45,SpaceX,2-Mar-15,3:50,Cape Canaveral,Falcon 9 (v1.1),5885,13150,68.4,5.2,Eutelsat 115 West B (Satmex 7),Communication Satellite,4159,Geostationary Transfer Orbit,Success,,20.2,28.4740089,-80.5771737,2015-03-02T03:00,92,18.9,21.4,1026.8,1026.6,8,1,12,1,14.4,22.1,112,116,16.2,0,0,0,0.19,0,0,0,0,0.267,0.282,0.212,0.117,19.5,20.3,18.6,20.5
46,SpaceX,15-Apr-15,20:10,Cape Canaveral,Falcon 9 (v1.1),5885,13150,68.4,5.2,SpaceX CRS-6,Space Station Supplies,1898,Low Earth Orbit,Success,,26.6,28.4740089,-80.5771737,2015-04-15T20:00,79,22.6,29.8,1017.6,1017.4,38,9,36,29,16.3,18.7,139,146,21.2,611,480,131,0.74,0.4,0,1,0,0.118,0.125,0.17,0.12,31.5,26.5,24.1,21.5
47,SpaceX,27-Apr-15,23:03,Cape Canaveral,Falcon 9 (v1.1),5885,4850,68.4,5.2,TurkmenAlem 52E/MonacoSAT,Communication Satellite,4707,Geostationary Transfer Orbit,Success,,26,28.4740089,-80.5771737,2015-04-27T22:00,71,20.2,27.9,1009.5,1009.3,32,0,3,100,14.3,16.1,348,344,24.5,188,18,170,0.99,0.18,0,1,0,0.115,0.152,0.163,0.12,27.1,26.2,24.9,22
48,SpaceX,22-Dec-15,1:29,Cape Canaveral,Falcon 9 Full Thrust (v1.2),6804,22800,70,5.2,OG2 Mission 2 (11 OG2 Satellites),Communication Satellite,,Low Earth Orbit,Success,,22.4,28.4740089,-80.5771737,2015-12-22T01:00,88,20.4,22.3,1021.9,1021.7,51,19,7,98,28.4,36.3,112,113,36.7,0,0,0,0.31,0.03,0.2,51,0,0.154,0.187,0.095,0.112,22,22.6,23.4,26.4
49,SpaceX,17-Jan-16,18:42,Vandenberg ,Falcon 9 (v1.1),5885,13150,68.4,5.2,Jason-3,Weather Satellite,553,Low Earth Orbit,Success,,13.5,34.7420267,-120.5724404,2016-01-17T18:00,87,11.4,12.7,1023.3,1011.6,64,39,0,95,8.3,9.4,265,263,14,274,142,132,0.19,0.13,0,2,0,0.165,0.167,0.136,0.105,12.8,12.6,12.9,14.1
50,SpaceX,4-Mar-16,23:35,Cape Canaveral,Falcon 9 Full Thrust (v1.2),6804,8300,70,5.2,SES-9,Communication Satellite,5271,Geostationary Transfer Orbit,Success,,17.9,28.4740089,-80.5771737,2016-03-04T22:00,72,12.8,14.1,1016.6,1016.4,42,47,0,0,32,35.3,12,12,46.4,348,257,91,0.57,0.2,0,1,0,0.071,0.154,0.208,0.126,23.2,22.1,20.4,21.6
51,SpaceX,8-Apr-16,20:43,Cape Canaveral,Falcon 9 Full Thrust (v1.2),6804,22800,70,5.2,SpaceX CRS-8,Space Station Supplies,3136,Low Earth Orbit,Success,,26.3,28.4740089,-80.5771737,2016-04-08T20:00,50,15.1,26.5,1013,1012.8,26,0,0,88,19.8,23.9,182,192,25.6,825,713,112,1.71,0.57,0,1,0,0.05,0.103,0.165,0.126,35.2,25.2,23.4,22
52,SpaceX,6-May-16,5:21,Cape Canaveral,Falcon 9 Full Thrust (v1.2),6804,8300,70,5.2,JCSAT-14,Communication Satellite,4696,Geostationary Transfer Orbit,Success,,20.6,28.4740089,-80.5771737,2016-05-06T05:00,57,11.8,17.4,1009.9,1009.7,5,0,9,0,25.9,29.1,299,301,42.5,0,0,0,1.05,0.13,0,0,0,0.184,0.212,0.142,0.126,20.5,23.4,24.9,22.8
53,SpaceX,27-May-16,21:39,Cape Canaveral,Falcon 9 Full Thrust (v1.2),6804,8300,70,5.2,Thaicom 8,Communication Satellite,3100,Geostationary Transfer Orbit,Success,,26.7,28.4740089,-80.5771737,2016-05-27T21:00,63,19.2,26.6,1015.6,1015.4,35,34,8,0,24.3,26.6,65,65,31.3,516,355,161,1.28,0.39,0,1,0,0.058,0.134,0.127,0.125,32.5,28.1,26.1,23.6
54,SpaceX,15-Jun-16,14:29,Cape Canaveral,Falcon 9 Full Thrust (v1.2),6804,8300,70,5.2,ABS-2A,Communication Satellite,3600,Geostationary Transfer Orbit,Success,,27.9,28.4740089,-80.5771737,2016-06-15T14:00,79,24,32.1,1018.6,1018.4,2,1,1,0,13,14.4,256,257,23.8,510,404,106,0.78,0.35,0,0,0,0.08,0.169,0.12,0.124,31.5,29.3,27.6,24.5
55,SpaceX,15-Jun-16,14:29,Cape Canaveral,Falcon 9 Full Thrust (v1.2),6804,8300,70,5.2,Eutelsat 117 West B (Satmex 9),Communication Satellite,3600,Geostationary Transfer Orbit,Success,,27.9,28.4740089,-80.5771737,2016-06-15T14:00,79,24,32.1,1018.6,1018.4,2,1,1,0,13,14.4,256,257,23.8,510,404,106,0.78,0.35,0,0,0,0.08,0.169,0.12,0.124,31.5,29.3,27.6,24.5
56,SpaceX,18-Jul-16,4:45,Cape Canaveral,Falcon 9 Full Thrust (v1.2),6804,22800,70,5.2,SpaceX CRS-9,Space Station Supplies,2257,Low Earth Orbit,Success,,28.4,28.4740089,-80.5771737,2016-07-18T04:00,77,24,31.1,1023.3,1023.1,46,12,9,98,23.8,26.3,115,115,28.4,0,0,0,0.88,0.08,0,1,0,0.067,0.077,0.098,0.122,28.9,31.9,30.1,26.3
57,SpaceX,14-Aug-16,5:26,Cape Canaveral,Falcon 9 Full Thrust (v1.2),6804,8300,70,5.2,JCSAT-16,Communication Satellite,4600,Geostationary Transfer Orbit,Success,,27.5,28.4740089,-80.5771737,2016-08-14T05:00,85,24.9,31.5,1018.9,1018.7,39,10,0,100,18.4,21.4,125,126,23.4,0,0,0,0.54,0.03,0,1,0,0.093,0.105,0.086,0.12,27.8,30.4,29.3,27.5
58,SpaceX,14-Jan-17,17:54,Vandenberg ,Falcon 9 Full Thrust (v1.2),6804,8300,70,5.2,Iridium NEXT 1-10,Communication Satellite,9600,Low Earth Orbit,Success,,10.9,34.7420267,-120.5724404,2017-01-14T17:00,62,3.9,7.9,1020,1008.2,0,0,0,0,10.9,17.7,351,12,23.4,193,139,54,0.5,0.1,0,0,0,0.373,0.377,0.244,0.178,10.1,11.1,13.3,14.9
59,SpaceX,19-Feb-17,14:39,Kennedy Space Center,Falcon 9 Full Thrust (v1.2),6804,22800,70,5.2,SpaceX CRS-10,Space Station Supplies,2490,Low Earth Orbit,Success,,20.1,28.5743572,-80.6520371,2017-02-19T14:00,87,17.9,21.2,1018.3,1017.9,44,26,35,0,12.3,16.6,310,312,27.4,195,129,66,0.31,0.11,0,1,0,0.12,0.043,0.102,0.181,20,20.4,20.6,21.3
60,SpaceX,16-Mar-17,6:00,Kennedy Space Center,Falcon 9 Full Thrust (v1.2),6804,8300,70,5.2,SpaceX Echostar 23,Communication Satellite,5600,Geostationary Transfer Orbit,Success,,9.8,28.5743572,-80.6520371,2017-03-16T06:00,56,1.4,5.8,1026,1025.6,0,0,0,0,14.3,26,311,317,26.3,0,0,0,0.54,0.05,0,0,0,0.157,0.1,0.088,0.178,12.2,16.5,21.2,21.3
61,SpaceX,30-Mar-17,22:27,Kennedy Space Center,Falcon 9 Full Thrust (v1.2),6804,8300,70,5.2,SpaceX SES-10,Communication Satellite,5300,Geostationary Transfer Orbit,Success,,25.5,28.5743572,-80.6520371,2017-03-30T22:00,59,17,24.3,1013.3,1013,10,0,17,0,25.3,34.4,131,132,48.2,365,274,91,1.34,0.31,0,0,0,0.07,0.067,0.081,0.175,30,24.9,21.5,21.1
62,SpaceX,1-May-17,11:15,Kennedy Space Center,Falcon 9 Full Thrust (v1.2),6804,22800,70,5.2,NROL-76,Classified,Classified,Low Earth Orbit,Success,,23.5,28.5743572,-80.6520371,2017-05-01T11:00,84,20.6,24.3,1017.7,1017.3,23,23,4,0,22.7,36.7,160,160,42.1,2,0,2,0.46,0.06,0,1,0,0.068,0.068,0.092,0.169,24.4,26.5,24.6,22.2
63,SpaceX,15-May-17,23:21,Kennedy Space Center,Falcon 9 Full Thrust (v1.2),6804,8300,70,5.2,Inmarsat-5 F4,high-speed mobile broadband service,6070,Geostationary Transfer Orbit,Success,,26.5,28.5743572,-80.6520371,2017-05-15T22:00,69,20.4,27.7,1013.7,1013.4,9,8,3,0,19.1,25,74,75,41.8,425,318,107,1.06,0.31,0,0,0,0.091,0.065,0.092,0.166,31.6,27.6,25.1,22.9
64,SpaceX,3-Jun-17,21:07,Kennedy Space Center,Falcon 9 Full Thrust (v1.2),6804,22800,70,5.2,SpaceX CRS-11,Space Station Supplies,2708,Low Earth Orbit,Success,,25.7,28.5743572,-80.6520371,2017-06-03T21:00,78,21.6,28.4,1015.1,1014.8,100,52,66,100,13.8,17.9,123,124,34.2,258,103,155,0.72,0.2,0,3,0,0.191,0.09,0.087,0.163,27.4,26.4,26.5,24
65,SpaceX,23-Jun-17,19:10,Kennedy Space Center,Falcon 9 Full Thrust (v1.2),6804,8300,70,5.2,BulgariaSat-1,Communication Satellite,3669,Geostationary Transfer Orbit,Success,,29.9,28.5743572,-80.6520371,2017-06-23T19:00,65,22.5,34.4,1017.4,1017.1,45,14,8,93,15.8,20,145,146,33.8,864,713,151,1.49,0.62,0,1,0,0.182,0.205,0.17,0.162,32,28.5,26.5,24.7
66,SpaceX,25-Jun-17,20:25,Vandenberg ,Falcon 9 Block 3,6804,8300,70,5.2,Iridium-2,Communication Satellite,9600,Polar Orbit,Success,,19.4,34.7420267,-120.5724404,2017-06-25T20:00,67,13.1,19.9,1015.5,1004.1,11,12,0,0,16.9,21.7,310,313,41,934,744,190,0.75,0.5,0,0,0,0.171,0.196,0.249,0.211,22.2,18.7,18.2,16
67,SpaceX,5-Jul-17,20:25,Kennedy Space Center,Falcon 9 Block 3,6804,8300,70,5.2,Intelsat 35e,Communication Satellite,6761,Geostationary Transfer Orbit,Success,,30.5,28.5743572,-80.6520371,2017-07-05T20:00,66,23.5,35.4,1020.1,1019.8,27,9,31,0,14.5,18.6,97,100,31.3,777,634,143,1.47,0.57,0.1,51,0,0.198,0.169,0.137,0.161,33.3,30,27.9,25.4
68,SpaceX,14-Aug-17,16:31,Kennedy Space Center,Falcon 9 Block 4,6804,22800,70,5.2,CRS-12,Space Station Supplies,3310,Low Earth Orbit,Success,,30.8,28.5743572,-80.6520371,2017-08-14T16:00,69,24.5,37.7,1015.8,1015.5,29,11,30,3,4.5,5.8,299,292,24.8,747,595,152,1.36,0.56,0.4,51,0,0.289,0.301,0.266,0.161,30.7,28,28,27
69,SpaceX,24-Aug-17,18:51,Vandenberg ,Falcon 9 Block 3,6804,22800,70,5.2,Formosat-5,Earth observation satellite,475,Sun-Synchronous Orbit,Success,,18.7,34.7420267,-120.5724404,2017-08-24T18:00,75,14.1,18.6,1012.8,1001.4,8,9,0,0,10.2,12.7,293,299,27.4,525,267,258,0.55,0.3,0,0,0,0.156,0.192,0.239,0.202,20.6,19.3,19.6,18.4
70,SpaceX,7-Sep-17,14:00,Kennedy Space Center,Falcon 9 Block 4,6804,22800,70,5.2,OTV-5,reusable uncrewed spacecraft,4990,Low Earth Orbit,Success,,27.8,28.5743572,-80.6520371,2017-09-07T14:00,88,25.6,34.1,1015.5,1015.2,16,8,9,13,5.4,6.4,37,38,19.4,351,196,155,0.43,0.24,0.1,51,0,0.291,0.29,0.272,0.196,27.6,27,27.8,27.5
71,SpaceX,9-Oct-17,12:37,Vandenberg ,Falcon 9 Block 4,6804,22800,70,5.2,Iridium-3,Communication Satellite,9600,Polar Orbit,Success,,14.9,34.7420267,-120.5724404,2017-10-09T12:00,93,13.7,14.7,1009.8,998.3,6,7,0,0,9.4,22.4,108,127,19.8,0,0,0,0.13,0,0,0,0,0.155,0.181,0.226,0.201,13.7,17.1,19,19.4
72,SpaceX,11-Oct-17,22:53,Kennedy Space Center,Falcon 9 Block 3,6804,8300,70,5.2,SES-11 / EchoStar 105,Communication Satellite,5200,Geostationary Transfer Orbit,Success,,26.9,28.5743572,-80.6520371,2017-10-11T22:00,73,21.5,29.4,1015.2,1014.9,8,5,6,0,14.3,22.2,72,73,32.4,234,168,66,0.96,0.19,0,0,0,0.232,0.245,0.298,0.288,28.5,27.9,27.1,27.1
73,SpaceX,30-Oct-17,19:34,Kennedy Space Center,Falcon 9 Block 4,6804,8300,70,5.2,Koreasat 5A,"Direct-to-Home (DTH) broadcast, broadband, and backhaul services",3500,Geostationary Transfer Orbit,Success,,17.5,28.5743572,-80.6520371,2017-10-30T19:00,40,3.8,15.5,1017.4,1017,0,0,0,0,10.1,12.7,333,331,26.3,716,623,93,1.19,0.41,0,0,0,0.239,0.253,0.246,0.285,20,18.7,23.4,26.6
74,SpaceX,15-Dec-17,15:36,Cape Canaveral,Falcon 9 Block 3,6804,22800,70,5.2,CRS-13,Space Station Supplies,2205,Low Earth Orbit,Success,,18.7,28.4740089,-80.5771737,2017-12-15T15:00,60,10.8,17,1019.6,1019.4,46,17,23,56,13.5,18.2,209,210,25.9,218,101,117,0.87,0.17,0,1,0,0.031,0.134,0.171,0.088,18.4,17.9,19.2,24
75,SpaceX,23-Dec-17,1:27,Vandenberg ,Falcon 9 Block 3,6804,22800,70,5.2,Iridium-4,Communication Satellite,9600,Polar Orbit,Success,,11.1,34.7420267,-120.5724404,2017-12-23T01:00,65,4.8,9,1024.9,1013,12,0,0,41,6.1,12.8,310,308,15.8,45,27,18,0.47,0.03,0,0,0,0.158,0.172,0.217,0.199,13.6,11.6,13.7,17
76,SpaceX,8-Jan-18,1:00,Cape Canaveral,Falcon 9 Block 4,6804,22800,70,5.2,Zuma,Classified,Classified,Low Earth Orbit,Success,,15.6,28.4740089,-80.5771737,2018-01-08T01:00,68,9.8,12.6,1027.5,1027.3,21,6,14,25,20,31.6,62,64,33.5,0,0,0,0.56,0.06,0,1,0,0.104,0.119,0.155,0.088,14.7,15.3,17.1,22.7
77,SpaceX,31-Jan-18,21:25,Cape Canaveral,Falcon 9 Block 3,6804,8300,70,5.2,GovSat-1 / SES-16,Governmental and institutional security user needs satellite,4230,Geostationary Transfer Orbit,Success,,17.4,28.4740089,-80.5771737,2018-01-31T21:00,56,8.5,14.6,1023.5,1023.3,90,100,0,0,16.5,20.9,79,79,32.4,318,162,156,0.88,0.22,0,3,0,0.128,0.124,0.145,0.088,19.5,17.1,19.4,21
78,SpaceX,6-Feb-18,20:45,Kennedy Space Center,Falcon Heavy,22819,63800,70,5.2,Elon Musk's Tesla Roadster,Tesla carrying mannequin Starman ‚Ä?sporting SpaceX spacesuit,1300,Heliocentric Orbit,Success,,22.9,28.5743572,-80.6520371,2018-02-06T20:00,70,17,23.4,1025,1024.6,22,19,8,0,14.5,18.7,104,106,30.2,589,467,122,0.85,0.36,0,1,0,0.206,0.186,0.124,0.241,22.8,18.6,18.5,19.6
79,SpaceX,22-Feb-18,14:17,Vandenberg ,Falcon 9 Block 3,6804,22800,70,5.2,PAZ / Tintin A & B,Spain's spy satellite / internet satellite,2141,Sun-Synchronous Orbit,Success,,5.4,34.7420267,-120.5724404,2018-02-22T14:00,86,3.2,3.4,1023.4,1011.3,3,3,0,0,3.6,9.8,53,343,9.4,0,0,0,0.13,0,0,0,0,0.147,0.197,0.204,0.199,6.4,10.4,13.2,14.9
80,SpaceX,6-Mar-18,5:33,Cape Canaveral,Falcon 9 Block 4,6804,8300,70,5.2,Hispasat 30W-6,Communication Satellite,6092,Geostationary Transfer Orbit,Success,,18.5,28.4740089,-80.5771737,2018-03-06T05:00,57,9.6,17,1017.3,1017.1,5,0,0,16,9.4,17.7,140,141,16.2,0,0,0,0.92,0.05,0,0,0,0.027,0.077,0.122,0.088,18.4,22.6,22.9,21.5
81,SpaceX,30-Mar-18,14:14,Vandenberg ,Falcon 9 Block 4,6804,22800,70,5.2,Iridium-5,Communication Satellite,9600,Polar Orbit,Success,,8.4,34.7420267,-120.5724404,2018-03-30T14:00,86,6.3,6.1,1017.5,1005.6,0,0,0,0,9.8,9.2,96,111,18.4,0,0,0,0.15,0.02,0,0,0,0.296,0.317,0.229,0.198,10.5,13.5,13.7,13.9
82,SpaceX,2-Apr-18,20:30,Cape Canaveral,Falcon 9 Block 4,6804,22800,70,5.2,CRS-14,Space Station Supplies,2647,Low Earth Orbit,Success,,24.7,28.4740089,-80.5771737,2018-04-02T20:00,68,18.3,25.8,1017,1016.8,27,0,44,3,14.4,18.4,127,129,30.6,574,418,156,1.01,0.39,0,1,0,0.066,0.048,0.103,0.088,32,23.8,22,21.5
83,SpaceX,18-Apr-18,22:51,Cape Canaveral,Falcon 9 Block 4,6804,8300,70,5.2,Transiting Exoplanet Survey Satellite (TESS),Star monitor,362,High Earth Orbit,Success,,24.6,28.4740089,-80.5771737,2018-04-18T22:00,41,10.6,22.5,1018.5,1018.3,0,0,0,0,15.9,20.3,128,127,33.1,465,377,88,1.81,0.37,0,0,0,0.059,0.1,0.094,0.087,30.1,23.1,22.5,21.9
84,SpaceX,11-May-18,20:14,Kennedy Space Center,Falcon 9 Block 5,7607,8300,70,5.2,Bangabandhu-1,Communication Satellite,3600,Geostationary Transfer Orbit,Success,,29.8,28.5743572,-80.6520371,2018-05-11T20:00,43,16,31,1018.2,1017.9,41,0,22,93,12.8,15.7,58,58,30.6,735,522,213,2.37,0.58,0,1,0,0.095,0.099,0.074,0.207,32.5,26,23.6,21.6
85,SpaceX,22-May-18,19:47,Vandenberg ,Falcon 9 Block 4,6804,22800,70,5.2,Iridium-6 / GRACE-FO,Communication Satellite / Research satellite,5960,Polar Orbit,Success,,15.2,34.7420267,-120.5724404,2018-05-22T19:00,68,9.3,14,1014.2,1002.6,90,100,0,0,15,19.2,291,296,37.8,776,472,304,0.56,0.38,0,3,0,0.149,0.188,0.212,0.196,18,15.5,15.8,14.8
86,SpaceX,4-Jun-18,4:29,Cape Canaveral,Falcon 9 Block 4,6804,8300,70,5.2,SES-12,Communication Satellite,5400,Geostationary Transfer Orbit,Success,,25.3,28.4740089,-80.5771737,2018-06-04T04:00,91,23.6,29.2,1014.5,1014.3,31,2,0,98,13.5,23.9,241,247,28.4,0,0,0,0.3,0.01,0,1,0,0.238,0.239,0.198,0.088,25.9,27.2,25.6,23.5
87,SpaceX,29-Jun-18,9:42,Cape Canaveral,Falcon 9 Block 4,6804,22800,70,5.2,CRS-15,Space Station Supplies,2700,Low Earth Orbit,Success,,24.9,28.4740089,-80.5771737,2018-06-29T09:00,94,23.9,29.4,1015.4,1015.2,20,1,0,63,10.2,17.3,219,223,18.7,0,0,0,0.19,0,0,0,0,0.166,0.141,0.191,0.104,26,28.6,27.9,24.5
88,SpaceX,22-Jul-18,5:50,Cape Canaveral,Falcon 9 Block 5,7607,8300,70,5.2,Telstar 19V,Communication Satellite,7080,Geostationary Transfer Orbit,Success,,25.8,28.4740089,-80.5771737,2018-07-22T05:00,91,24.1,30.2,1013.3,1013.1,30,0,1,98,12.5,22.2,219,223,20.9,0,0,0,0.31,0.01,0,1,0,0.113,0.127,0.176,0.105,26.9,29.5,29,25.8
89,SpaceX,25-Jul-18,11:39,Vandenberg ,Falcon 9 Block 5,7607,22800,70,5.2,Iridium-7,Communication Satellite,9600,Polar Orbit,Success,,15.8,34.7420267,-120.5724404,2018-07-25T11:00,87,13.6,16.4,1013.8,1002.3,37,9,0,95,3.9,14.1,56,354,9,0,0,0,0.23,0,0,1,0,0.159,0.173,0.198,0.193,17.9,20.8,19.7,17
90,SpaceX,7-Aug-18,5:18,Cape Canaveral,Falcon 9 Block 5,7607,8300,70,5.2,Merah Putih (Telkom-4),Communication Satellite,5800,Geostationary Transfer Orbit,Success,,27,28.4740089,-80.5771737,2018-08-07T05:00,81,23.4,30.8,1018.9,1018.7,7,8,0,0,13,22.3,85,87,23,0,0,0,0.68,0.03,0,0,0,0.147,0.204,0.188,0.105,26.9,28.9,28,26.4
91,SpaceX,10-Sep-18,4:45,Cape Canaveral,Falcon 9 Block 5,7607,8300,70,5.2,Telstar 18V / APStar 5C,Communication Satellite,7060,Geostationary Transfer Orbit,Success,,24,28.4740089,-80.5771737,2018-09-10T04:00,94,23,28.6,1014.3,1014.1,44,0,24,100,6.7,11.7,234,227,14.8,0,0,0,0.17,0,0.4,51,0,0.245,0.166,0.143,0.105,26.6,28.7,28.1,27.5
92,SpaceX,8-Oct-18,2:21,Vandenberg ,Falcon 9 Block 5,7607,22800,70,5.2,SAOCOM 1A,Research Satellite,3000,Sun-Synchronous Orbit,Success,,16.1,34.7420267,-120.5724404,2018-10-08T02:00,78,12.2,15.7,1008.4,996.9,1,1,0,0,8.2,17.9,331,332,25.2,18,9,9,0.41,0.03,0,0,0,0.254,0.238,0.226,0.191,19.5,18.8,18.4,18.4
93,SpaceX,15-Nov-18,20:46,Kennedy Space Center,Falcon 9 Block 5,7607,8300,70,5.2,Es'hail 2,Direct-to-Home Television Services,3000,Geostationary Transfer Orbit,Success,,22,28.5743572,-80.6520371,2018-11-15T20:00,66,15.4,21.9,1014.5,1014.1,95,51,82,1,13.5,20.5,299,298,28.1,134,40,94,0.9,0.15,0,3,0,0.23,0.186,0.152,0.235,23.6,24.5,25.4,26.4
94,SpaceX,3-Dec-18,18:34,Vandenberg ,Falcon 9 Block 5,7607,22800,70,5.2,Spaceflight SSO-A,Communication Satellite,3000,Sun-Synchronous Orbit,Success,,14.6,34.7420267,-120.5724404,2018-12-03T18:00,56,5.9,12.5,1021.6,1009.9,1,0,0,2,7.2,10.4,183,182,18,395,321,74,0.72,0.2,0,0,0,0.322,0.318,0.215,0.191,12.2,12.1,15.4,17.5
95,SpaceX,5-Dec-18,18:16,Cape Canaveral,Falcon 9 Block 5,7607,22800,70,5.2,CRS-16,Space Station Supplies,2573,Low Earth Orbit,Success,,14.3,28.4740089,-80.5771737,2018-12-05T18:00,45,2.5,9.3,1022.9,1022.7,0,0,0,0,26.2,34,333,333,51.1,659,557,102,0.9,0.34,0,0,0,0.18,0.117,0.083,0.104,18.6,19.3,23.2,27.1
96,SpaceX,23-Dec-18,13:51,Cape Canaveral,Falcon 9 Block 5,7607,22800,70,5.2,GPS III SV01,GPS III satellites,3880,Medium Earth Orbit,Success,,11.1,28.4740089,-80.5771737,2018-12-23T13:00,83,8.4,9.3,1025,1024.8,0,0,0,0,9.7,14,297,318,15.8,36,21,15,0.22,0.02,0,0,0,0.182,0.192,0.082,0.104,9.4,13.6,20.1,25.9
97,SpaceX,11-Jan-19,15:31,Vandenberg ,Falcon 9 Block 5,7607,22800,70,5.2,Iridium-8,Communication Satellite,9600,Polar Orbit,Success,,10.9,34.7420267,-120.5724404,2019-01-11T15:00,92,9.6,8.8,1016.9,1005.1,30,0,3,93,13.3,27.2,142,148,25.2,0,0,0,0.1,0,0,1,0,0.374,0.375,0.224,0.191,10.4,11.4,12.6,15.6
98,SpaceX,22-Feb-19,1:45,Cape Canaveral,Falcon 9 Block 5,7607,8300,70,5.2,Nusantara Satu / Beresheet / AFRL S5,Communication Satellite / Moon lander / Reseach Satellite,5380,Geostationary Transfer Orbit,Success,,22.1,28.4740089,-80.5771737,2019-02-22T01:00,91,20.6,23.7,1019.7,1019.5,38,12,45,0,18.5,31.3,147,150,32,0,0,0,0.23,0.01,0,1,0,0.155,0.196,0.129,0.103,23.9,23.9,21.5,22.9
99,SpaceX,2-Mar-19,7:49,Kennedy Space Center,Falcon 9 Block 5,7607,22800,70,5.2,SpaceX Demo-1,Uncrewed Test Commercial Crew program,0,Low Earth Orbit,Success,,18,28.5743572,-80.6520371,2019-03-02T07:00,98,17.5,19.5,1019.9,1019.5,1,0,0,2,8.3,14.3,214,208,11.5,0,0,0,0.05,0,0,0,0,0.188,0.185,0.176,0.218,19.4,21.6,21.5,20.6
100,SpaceX,11-Apr-19,22:35,Kennedy Space Center,Falcon Heavy,22819,26700,70,5.2,ArabSat 6A,Communication Satellite,6000,Geostationary Transfer Orbit,Success,,25.4,28.5743572,-80.6520371,2019-04-11T22:00,68,19,26.8,1012.4,1012.1,10,5,9,0,13,17.3,92,92,28.4,398,297,101,1.04,0.28,0,0,0,0.187,0.122,0.122,0.211,27.6,23.9,21.9,20.7
101,SpaceX,4-May-19,6:48,Cape Canaveral,Falcon 9 Block 5,7607,22800,70,5.2,CRS-17,Space Station Supplies,2500,Low Earth Orbit,Success,,23,28.4740089,-80.5771737,2019-05-04T06:00,93,21.8,27.2,1016.3,1016.1,39,26,16,21,4.3,6.9,180,189,14.4,0,0,0,0.21,0,0.1,51,0,0.119,0.082,0.09,0.102,24.1,26.9,25.5,23
102,SpaceX,24-May-19,2:30,Cape Canaveral,Falcon 9 Block 5,7607,22800,70,5.2,Starlink v0.9,Communication Satellite,13620,Low Earth Orbit,Success,,25.4,28.4740089,-80.5771737,2019-05-24T02:00,65,18.3,25.2,1021.4,1021.2,40,45,0,0,22.3,30.7,80,80,40,0,0,0,1.14,0.11,0,1,0,0.035,0.064,0.077,0.101,29.2,30.2,26.4,23.7
103,SpaceX,12-Jun-19,14:17,Vandenberg ,Falcon 9 Block 5,7607,22800,70,5.2,RADARSAT Constellation,Earth observation satellites,4200,Sun-Synchronous Orbit,Success,,14.3,34.7420267,-120.5724404,2019-06-12T14:00,95,13.5,15.1,1015.4,1003.8,99,100,0,31,2.4,3.4,207,252,10.8,52,15,37,0.08,0.02,0,3,0,0.166,0.223,0.268,0.225,16.9,19.5,17.2,14.9
104,SpaceX,25-Jun-19,6:30,Kennedy Space Center,Falcon Heavy,22819,26700,70,5.2,STP-2,Research Satellite,,Medium Earth Orbit,Success,,26.5,28.5743572,-80.6520371,2019-06-25T06:00,90,24.6,31.8,1016.5,1016.2,1,0,1,0,8,18,278,286,14,0,0,0,0.36,0,0,0,0,0.187,0.189,0.111,0.191,27.5,29.2,26.6,23.7
105,SpaceX,25-Jul-19,22:01,Cape Canaveral,Falcon 9 Block 5,7607,22800,70,5.2,CRS-18,Space Station Supplies,2500,Low Earth Orbit,Success,,26.5,28.4740089,-80.5771737,2019-07-25T22:00,80,22.8,31,1017.4,1017.2,100,77,25,100,5.4,6,70,65,29.2,359,185,174,0.68,0.25,0.2,51,0,0.275,0.182,0.04,0.099,29.8,28.5,29.9,26.1
106,SpaceX,6-Aug-19,23:23,Cape Canaveral,Falcon 9 Block 5,7607,8300,70,5.2,AMOS-17,Communication Satellite,6500,Geostationary Transfer Orbit,Success,,26.5,28.4740089,-80.5771737,2019-08-06T22:00,85,23.8,30.4,1015,1014.8,63,35,2,100,13.8,18.9,186,188,25.6,76,4,72,0.52,0.09,1.9,61,0,0.26,0.149,0.03,0.099,28.5,28.4,28.6,26.5
107,SpaceX,11-Nov-19,14:56,Cape Canaveral,Falcon 9 Block 5,7607,22800,70,5.2,Starlink V1 L1,Communication Satellite,15600,Low Earth Orbit,Success,,25,28.4740089,-80.5771737,2019-11-11T14:00,61,16.8,24.9,1020.4,1020.2,22,11,19,3,16.8,23.2,81,83,29.2,256,171,85,1.25,0.23,0,1,0,0.23,0.247,0.109,0.097,21.2,21.5,25.6,27.5
108,SpaceX,5-Dec-19,17:29,Cape Canaveral,Falcon 9 Block 5,7607,22800,70,5.2,CRS-19,Space Station Supplies,2500,Low Earth Orbit,Success,,18.5,28.4740089,-80.5771737,2019-12-05T17:00,55,9.3,16.9,1020.1,1019.9,5,0,0,18,13.2,15.8,334,336,28.8,639,559,80,0.96,0.36,0,0,0,0.053,0.139,0.114,0.097,20.8,16.5,21.2,26
109,SpaceX,17-Dec-19,0:10,Cape Canaveral,Falcon 9 Block 5,7607,8300,70,5.2,JCSAT-18 / Kacific-1,Communication Satellite,6956,Geostationary Transfer Orbit,Success,,23.4,28.4740089,-80.5771737,2019-12-17T00:00,85,20.7,24.6,1019.2,1019,20,12,15,0,20.6,32.3,133,134,33.1,0,0,0,0.44,0.03,0,0,0,0.176,0.207,0.117,0.097,23.5,22,22,25.4
110,SpaceX,7-Jan-20,2:19,Cape Canaveral,Falcon 9 Block 5,7607,22800,70,5.2,Starlink V1 L2,Communication Satellite,15600,Low Earth Orbit,Success,,16.8,28.4740089,-80.5771737,2020-01-07T02:00,41,3.5,14.5,1023,1022.8,0,0,0,0,5.4,5.8,82,86,7.2,0,0,0,1.13,0.04,0,0,0,0.177,0.205,0.181,0.098,12.2,16.5,20.7,24.2
111,SpaceX,19-Jan-20,15:30,Kennedy Space Center,Falcon 9 Block 5,7607,22800,70,5.2,Crew Dragon Inflight Abort Test,in-flight abort test,6350,Suborbital,Success,,20.6,28.5743572,-80.6520371,2020-01-19T15:00,76,16.3,20.7,1021.1,1020.7,36,0,21,77,14.7,22.2,211,212,28.1,196,30,166,0.58,0.14,0,1,0,0.177,0.188,0.225,0.188,19.9,20.2,21.5,22.1
112,SpaceX,29-Jan-20,14:06,Cape Canaveral,Falcon 9 Block 5,7607,22800,70,5.2,Starlink V1 L3,Communication Satellite,15600,Low Earth Orbit,Success,,17.9,28.4740089,-80.5771737,2020-01-29T14:00,74,13.1,17.6,1015.9,1015.7,88,96,2,3,8.7,11.8,355,23,16.9,144,58,86,0.53,0.1,0,3,0,0.076,0.111,0.16,0.098,14.5,16.9,20.1,23.2
113,SpaceX,17-Feb-20,15:05,Cape Canaveral,Falcon 9 Block 5,7607,22800,70,5.2,Starlink V1 L4,Communication Satellite,15600,Low Earth Orbit,Success,,21.8,28.4740089,-80.5771737,2020-02-17T15:00,90,20.1,25,1019.1,1018.9,8,8,0,1,5.1,5.8,266,274,16.6,366,244,122,0.25,0.22,0.1,51,0,0.114,0.097,0.142,0.098,22.2,21,21.3,22.5
114,SpaceX,7-Mar-20,4:50,Cape Canaveral,Falcon 9 Block 5,7607,22800,70,5.2,CRS-20,Space Station Supplies,2500,Low Earth Orbit,Success,,17,28.4740089,-80.5771737,2020-03-07T04:00,35,1.6,11.4,1022.5,1022.3,24,0,0,80,25.8,39.9,330,332,42.8,0,0,0,1.25,0.17,0,1,0,0.034,0.098,0.108,0.098,18.6,23.4,20.9,22.1
115,Boeing,6-Nov-98,13:37,Vandenberg ,Delta II 7920-10C,3511,4844,38.9,3,MS-11,Communication Satellite,,Low Earth Orbit,Success,,10.6,34.7420267,-120.5724404,1998-11-06T13:00,75,6.3,6.2,1016.9,1005.1,0,0,0,0,23.5,34.9,331,335,37.8,0,0,0,0.32,0.04,0,0,0,0.094,0.11,0.139,0.167,11.3,13.1,14.2,15.4
116,Boeing,22-Nov-98,23:54,Cape Canaveral,Delta II 7925,3511,1819,38.1,2.9,BONUM-1,Communication Satellite,,Geostationary Transfer Orbit,Success,,23.2,28.4740089,-80.5771737,1998-11-22T22:00,83,20.1,24.6,1023.3,1023.1,80,18,61,92,17,19.3,77,76,29.5,58,22,36,0.49,0.07,0.5,53,0,0.138,0.155,0.148,0.142,24.5,24.9,25.2,26.9
117,Boeing,11-Dec-98,18:45,Cape Canaveral,Delta II 7425,3020,1110,38.1,2.9,Mars Climate Orbiter,Robotic space probe,338,Heliocentric Orbit,Success,,23.4,28.4740089,-80.5771737,1998-12-11T18:00,75,18.6,22.4,1020.9,1020.7,56,28,26,51,28.6,32.1,42,42,33.8,469,324,145,0.73,0.29,0,2,0,0.091,0.139,0.142,0.142,26.5,23.9,24.5,26.1
118,Boeing,3-Jan-99,20:21,Cape Canaveral,Delta II 7425,3020,1110,38.1,2.9,Mars Polar Lander,Robotic spacecraft lander,290,Heliocentric Orbit,Success,,22.5,28.4740089,-80.5771737,1999-01-03T20:00,62,14.9,20.9,1015,1014.8,74,82,0,0,22.6,25.7,248,248,29.5,336,190,146,1.04,0.27,0,2,0,0.115,0.118,0.135,0.142,24,22.1,22.5,25.1
119,Boeing,7-Feb-99,21:04,Cape Canaveral,Delta II 7426,3020,1058,38.1,2.9,Stardust,Robotic space probe,305,Heliocentric Orbit,Success,,24.1,28.4740089,-80.5771737,1999-02-07T21:00,56,14.6,23.7,1016,1015.8,4,0,0,13,13,17.8,219,227,18.4,476,388,88,1.33,0.33,0,0,0,0.1,0.147,0.123,0.141,27,22.4,22.1,23.6
120,Boeing,23-Feb-99,10:29,Vandenberg ,Delta II 7920-10,3511,4800,38.9,3,ARGOS (P91-1 ARGOS),Research Satellite,2450,Polar Orbit,Success,,10.9,34.7420267,-120.5724404,1999-02-23T10:00,64,4.4,6.5,1023.7,1011.8,0,0,0,0,20.9,33.6,3,16,32.4,0,0,0,0.46,0.06,0,0,0,0.144,0.153,0.146,0.161,10.4,11.4,11.1,11.4
121,Boeing,15-Apr-99,18:32,Vandenberg ,Delta II 7920-10,3511,4800,38.9,3,Landsat 7,Research Satellite,2200,Sun-Synchronous Orbit,Success,,19.5,34.7420267,-120.5724404,1999-04-15T18:00,66,12.9,21.3,1015.4,1004,0,0,0,0,3.5,3.5,204,156,10.4,763,669,94,0.78,0.45,0,0,0,0.179,0.186,0.169,0.159,14.8,12.4,11.2,11.4
122,Boeing,10-Jun-99,13:48,Cape Canaveral,Delta II 7420-10C,3020,3099,38.9,3,Globalstar 3,Communication Satellite,550,Low Earth Orbit,Success,,25,28.4740089,-80.5771737,1999-06-10T13:00,88,22.8,29.9,1017.6,1017.4,92,66,6,96,2.5,3.7,172,169,20.2,199,58,141,0.39,0.14,0.9,53,0,0.207,0.087,0.073,0.133,25.6,25.8,26.4,24.3
123,Boeing,24-Jun-99,15:44,Cape Canaveral,Delta II 7320-10C,2533,2703,38.9,3,FUSE,Space-based Telescope,1360,Low Earth Orbit,Success,,26.1,28.4740089,-80.5771737,1999-06-24T15:00,76,21.6,30,1017.4,1017.2,42,9,6,100,5.8,5.8,68,68,15.8,424,152,272,0.8,0.3,0,1,0,0.212,0.213,0.084,0.132,28,26.1,26.2,24.7
124,Boeing,10-Jul-99,8:45,Cape Canaveral,Delta II 7420-10C,3020,3099,38.9,3,Globalstar 4,Communication Satellite,550,Low Earth Orbit,Success,,26.2,28.4740089,-80.5771737,1999-07-10T08:00,91,24.7,31.1,1020.2,1020,46,20,0,92,11.6,14.2,175,171,15.5,0,0,0,0.29,0,0,1,0,0.091,0.171,0.098,0.132,26.6,29,27,25
125,Boeing,25-Jul-99,7:46,Cape Canaveral,Delta II 7420-10C,3020,3099,38.9,3,Globalstar 5,Communication Satellite,550,Low Earth Orbit,Success,,27.1,28.4740089,-80.5771737,1999-07-25T07:00,87,24.8,31.5,1016.3,1016.1,28,7,18,35,15.4,16.8,213,215,20.2,0,0,0,0.48,0.02,0,1,0,0.05,0.099,0.091,0.131,27.9,31.8,29.3,25.7
126,Boeing,7-Aug-99,12:51,Cape Canaveral,Delta II 7925,3511,1819,38.1,2.9,USA-145 (GPS IIR-3),Global Positioning System,2032,Medium Earth Orbit,Success,,26.2,28.4740089,-80.5771737,1999-08-07T12:00,90,24.4,30.1,1017.2,1017,7,1,10,1,16.4,19,213,213,24.1,67,33,34,0.35,0.06,0,0,0,0.133,0.112,0.084,0.13,26.9,28.9,29.9,26.5
127,Boeing,17-Aug-99,4:37,Cape Canaveral,Delta II 7420-10C,3020,3099,38.9,3,Globalstar 6,Communication Satellite,550,Low Earth Orbit,Success,,27.4,28.4740089,-80.5771737,1999-08-17T04:00,83,24.3,31.8,1020.6,1020.4,27,16,1,41,12.6,13.6,114,112,16.9,0,0,0,0.6,0.03,0,1,0,0.072,0.121,0.082,0.129,28.2,31.5,29.5,26.9
128,Boeing,8-Feb-00,21:24,Cape Canaveral,Delta II 7920-10C,3511,4800,38.9,3,Globalstar 7,Communication Satellite,550,Low Earth Orbit,Success,,16.2,28.4740089,-80.5771737,2000-02-08T21:00,70,10.9,15,1022.8,1022.6,100,100,94,0,10.2,10.9,262,262,18,142,7,135,0.55,0.11,0.4,51,0,0.142,0.182,0.177,0.197,17.5,16.5,17.5,21.1
129,Boeing,25-Mar-00,20:34,Vandenberg ,Delta II 7326,2533,934,38.1,2.9,IMAGE,Research Satellite,210,Polar Orbit,Success,,12.1,34.7420267,-120.5724404,2000-03-25T20:00,67,6.1,11.8,1019.5,1007.7,35,6,0,100,8.5,8.8,258,251,19.1,875,726,149,0.47,0.4,0,1,0,0.134,0.15,0.18,0.141,13.9,11.7,12.5,12.3
130,Boeing,11-May-00,1:48,Cape Canaveral,Delta II 7925,3511,1819,38.1,2.9,USA-150 (GPS IIR-4),Global Positioning System,2032,Medium Earth Orbit,Success,,24.9,28.4740089,-80.5771737,2000-05-11T01:00,81,21.4,25.6,1015.4,1015.2,4,1,5,0,26.4,35.6,154,156,32,0,0,0,0.6,0.06,0,0,0,0.043,0.09,0.115,0.188,27,27.8,24.5,22.1
131,Boeing,16-Jul-00,9:17,Cape Canaveral,Delta II 7925,3511,1819,38.1,2.9,USA-151 (GPS IIR-5),Global Positioning System,2032,Medium Earth Orbit,Success,,26.1,28.4740089,-80.5771737,2000-07-16T09:00,89,24.2,28.5,1010.6,1010.4,6,4,4,0,26.5,31.2,228,230,34.6,0,0,0,0.36,0.03,0,0,0,0.144,0.076,0.084,0.177,26.2,28.4,28,25.5
132,Boeing,23-Aug-00,11:05,Cape Canaveral,Delta III 8930,628,8290,35,4,DM F3,Test Satellite,4348,Medium Earth Orbit,Success,,26.8,28.4740089,-80.5771737,2000-08-23T11:00,81,23.2,28.7,1019.7,1019.5,42,21,38,1,25.4,27.9,78,79,33.1,0,0,0,0.67,0.06,0.2,51,0,0.156,0.092,0.081,0.173,26.5,28.4,28.9,26.7
133,Boeing,10-Nov-00,17:14,Cape Canaveral,Delta II 7925,3511,1819,38.1,2.9,USA-154 (GPS IIR-6),Global Positioning System,2032,Medium Earth Orbit,Success,,25.4,28.4740089,-80.5771737,2000-11-10T17:00,76,20.8,27.2,1012.8,1012.6,58,63,2,0,16.7,20.3,277,277,25.2,403,159,244,0.79,0.28,0,2,0,0.049,0.106,0.156,0.168,29,25.5,25.6,26.5
134,Boeing,21-Nov-00,18:24,Vandenberg ,Delta II 7320-10C,2533,2703,38.9,3,EO-1,Earth Observation Satellite,673,Low Earth Orbit,Success,,12.3,34.7420267,-120.5724404,2000-11-21T18:00,74,7.8,9.1,1019.5,1007.7,0,0,0,0,17.8,22.7,315,317,25.6,406,292,114,0.38,0.18,0,0,0,0.126,0.137,0.139,0.135,11.2,11.4,12.5,14.8
135,Boeing,30-Jan-01,7:55,Cape Canaveral,Delta II 7925,3511,1819,38.1,2.9,USA-156 (GPS IIR-7),Global Positioning System,2032,Medium Earth Orbit,Success,,19.6,28.4740089,-80.5771737,2001-01-30T07:00,81,16.2,17.3,1017.3,1017.1,44,18,0,93,30.6,40.3,183,182,41.8,0,0,0,0.43,0.05,0,1,0,0.079,0.139,0.126,0.165,18.8,19,18.3,21.8
136,Boeing,7-Apr-01,15:02,Cape Canaveral,Delta II 7925,3511,1819,38.1,2.9,Mars Odyssey,Orbiting Robotic Spacecraft,758,Mars Orbit,Success,,22.5,28.4740089,-80.5771737,2001-04-07T15:00,76,18.1,25.1,1024.5,1024.3,0,0,0,0,7.6,10.8,109,120,14.8,669,560,109,0.64,0.41,0,0,0,0.138,0.198,0.174,0.161,25.9,21.7,21.4,21.2
137,Boeing,18-May-01,17:45,Cape Canaveral,Delta II 7925,3511,1819,38.1,2.9,GeoLITE,Earth Observation Satellite,1800,Geostationary Transfer Orbit,Success,,26.4,28.4740089,-80.5771737,2001-05-18T17:00,65,19.2,31.6,1017.7,1017.5,2,0,0,8,5.9,4.8,101,103,13.7,960,824,136,1.21,0.65,0,0,0,0.043,0.085,0.135,0.159,40.3,27.5,24.5,22.3
138,Boeing,30-Jun-01,19:46,Cape Canaveral,Delta II 7425-10C,3020,1073,38.9,3,WMAP,Microwave Anisotropy Probe,835,Earth-Moon L2,Success,,27.6,28.4740089,-80.5771737,2001-06-30T19:00,80,24,32.2,1018.8,1018.6,37,4,9,92,19.6,22.2,116,117,25.9,816,626,190,0.73,0.51,0,1,0,0.092,0.066,0.101,0.155,35.3,28.6,27.4,24.7
139,Boeing,8-Aug-01,16:13,Cape Canaveral,Delta II 7326,2533,934,38.1,2.9,Genesis,Solar wind particles sample-return probe,636,Heliocentric Orbit,Success,,27.9,28.4740089,-80.5771737,2001-08-08T16:00,82,24.5,34.8,1021.1,1020.9,27,3,1,80,6.8,7.2,335,333,10.8,777,629,148,0.67,0.53,0,1,0,0.195,0.231,0.169,0.153,32.4,27.7,27,26
140,Boeing,18-Oct-01,18:51,Vandenberg ,Delta II 7320-10C,2533,2703,38.9,3,QuickBird,Earth Observation Satellite,1100,Sun-Synchronous Orbit,Success,,16.3,34.7420267,-120.5724404,2001-10-18T18:00,77,12.4,15.1,1018.7,1007.1,31,8,0,78,13.2,15,287,291,23.4,500,336,164,0.42,0.25,0,1,0,0.096,0.115,0.145,0.146,15.6,15.1,16.4,16.8
141,Boeing,7-Dec-01,15:07,Vandenberg ,Delta II 7920-10C,3511,4800,38.9,3,Jason-1 / TIMED,Earth Observation Satellite,660,Low Earth Orbit,Success,,12.8,34.7420267,-120.5724404,2001-12-07T15:00,72,7.8,9.4,1021.2,1009.4,2,2,0,0,18.9,29.7,13,29,31.7,0,0,0,0.42,0.04,0,0,0,0.173,0.178,0.155,0.145,12.5,12.4,12.8,14.6
142,Boeing,11-Feb-02,17:43,Vandenberg ,Delta II 7920-10C,3511,4800,38.9,3,Iridium IS-1,Communication Satellite,689,Low Earth Orbit,Success,,13.8,34.7420267,-120.5724404,2002-02-11T17:00,63,6.8,11.9,1027.2,1015.4,30,0,0,100,6.8,6.3,58,31,14,280,206,74,0.58,0.14,0,1,0,0.138,0.148,0.16,0.148,11.4,10.6,11.1,11.6
143,Boeing,4-May-02,9:54,Vandenberg ,Delta II 7920-10C,3511,4800,38.9,3,Aqua,Research Satellite,3117,Low Earth Orbit,Success,,10.1,34.7420267,-120.5724404,2002-05-04T09:00,91,8.8,7.2,1017.4,1005.6,18,20,0,0,18.1,25.2,311,314,28.8,0,0,0,0.11,0,0,0,0,0.097,0.11,0.138,0.145,10.6,12.4,12.1,11.8
144,Boeing,3-Jul-02,6:47,Cape Canaveral,Delta II 7425,3020,1110,38.1,2.9,CONTOUR,Space Probe,328,Heliocentric Orbit,Success,,23.4,28.4740089,-80.5771737,2002-07-03T06:00,93,22.1,27.8,1017.1,1016.9,83,4,90,86,3.6,4.2,217,211,11.2,0,0,0,0.21,0,0,3,0,0.27,0.255,0.201,0.133,23.9,25.4,25.8,24.9
145,Boeing,20-Nov-02,22:39,Cape Canaveral,"Delta IV Medium+ (4,2)",4895,6390,62.5,4,Eutelsat W5,Communication Satellite,3170,Geostationary Transfer Orbit,Success,,23,28.4740089,-80.5771737,2002-11-20T22:00,73,17.9,22.7,1016,1015.8,84,7,82,95,21.5,24.4,69,71,31.3,87,39,48,0.76,0.12,0,3,0,0.168,0.21,0.118,0.13,22.9,22.2,23.6,27.1
146,Boeing,13-Jan-03,0:45,Vandenberg ,Delta II 7320-10C,2533,2703,38.9,3,ICESat,Research Satellite,970,Sun-Synchronous Orbit,Success,,13.3,34.7420267,-120.5724404,2003-01-13T00:00,85,10.8,11.9,1024.8,1013,13,0,0,44,11.6,15.6,306,310,21.6,254,197,57,0.23,0.11,0,0,0,0.163,0.165,0.166,0.137,13.9,12.4,12.8,13.4
